INSERT INTO public.compagnia(nome, telefono, email, sitoweb, social, passwordcomp, sovraprezzo_p, sovraprezzo_b)
VALUES ('Adria Ferries', '1234567891', 'AdriaFerries@gmail.com', 'AdriaFerries.it', 'Instagram: @AdriaFerries', 'Adria', 5.99, 7.0),
       ('Alilauro', '1234567892', 'Alilauro@gmail.com', 'Alilauro.com', 'Instagram: @Alilauro, Facebook: Alilauro', 'Alilauro1', 4.0, 8.99),
       ('Medmar', '1234567893', 'Medmar@gmail.com', 'Medmar.it', 'Instagram: @Medmar', 'Medmar1', 8.0, 4.5),
	('MareVolar','34511789201','MareVolar@gmail.it','MareVolar.org','Facebook: MareVolar','MareVolar1',5.0, 3.0),
	('Aquavision','37123451698','Aquavision@gmail.com','Aquavision.it','Instagram: @Aquavision','Aquavision1', 14.0, 9.0),
	('Kompas','31235810921','Kompas@gmail.es','Kompas.es.com','Instagram: @KompasTragetti', 'Kompas1', 11.0, 7.50);

--

INSERT INTO public.natante(compagnia, nome, tipo, capienzap, capienzaa)
VALUES 	   
	   ('Medmar', 'Santa Maria', 'Traghetto', 200, 250),
 	   ('Adria Ferries', 'Grecale', 'Motonave', 500, NULL),
	   ('Medmar', 'Going Merry', 'Motonave', 100, NULL),
 	   ('Medmar', 'Alpino', 'Aliscafo', 150, NULL),
	   ('Kompas', 'Toritos', 'Aliscafo', 150, NULL),
	   ('Kompas', 'ElCapitan', 'Traghetto', 420, 500),
	   ('Kompas', 'SetasAqua', 'Aliscafo', 400, NULL),
 	   ('Aquavision', 'Beta', 'Motonave', 150, NULL),
	   ('Aquavision', 'Omega', 'Motonave', 660, NULL),
	   ('Aquavision', 'Delta', 'Motonave', 450, NULL), 
	   ('MareVolar', 'Rosso', 'Aliscafo', 300, NULL),
 	   ('MareVolar', 'Verde', 'Aliscafo', 250, NULL),
	   ('MareVolar', 'Giallo', 'Traghetto', 150, 100),
 	   ('Medmar', 'Barca Blu', 'Aliscafo', 120, NULL),
           ('Medmar', 'Azzurra', 'Motonave', 180, NULL),
           ('Medmar', 'Marengo', 'Traghetto', 220, 260),
 	   ('Alilauro', 'Libra', 'Motonave', 320, NULL),
	   ('Alilauro', 'Libeccio', 'Aliscafo', 400, NULL),
           ('Alilauro', 'Tramontana', 'Traghetto', 400, 450),
	   ('Adria Ferries', 'Grecale', 'Motonave', 500, NULL),
	   ('Adria Ferries', 'Bora', 'Motonave', 480, NULL),
           ('Adria Ferries', 'Jadran', 'Aliscafo', 550, NULL),
 	   ('Kompas', 'ServesaMar', 'Motonave', 300, NULL), 
 	   ('Kompas', 'Rosita', 'Traghetto', 320, 400),
	   ('Kompas', 'Santa Abuela', 'Aliscafo', 300, NULL), 
	   ('Kompas', 'Azul', 'Traghetto', 300, 350),
           ('Kompas', 'Vela', 'Aliscafo', 200, NULL),
	   ('Aquavision', 'Lambda', 'Traghetto', 350, 350),
	   ('Aquavision', 'Rho', 'Motonave', 250, NULL),
	   ('Medmar', 'Going Merry', 'Motonave', 100, NULL),
   	   ('Aquavision', 'Sigma', 'Motonave', 180, NULL),
 	   ('Aquavision', 'Zeta', 'Aliscafo', 220, NULL),
   	   ('Aquavision','Upsilon', 'Traghetto', 320, 300),
	   ('MareVolar', 'Blu', 'Traghetto', 400, 400), 
	   ('MareVolar', 'Rosa', 'Motonave', 150, NULL),
	   ('Kompas', 'Navegante', 'Motonave', 250, NULL),
 	   ('Kompas', 'Felipe V', 'Motonave', 275, NULL), 
	   ('MareVolar', 'Ocra','Motonave', 150, NULL),
	   ('MareVolar', 'Bianco', 'Traghetto', 500, 300), 
	   ('MareVolar', 'Arancione', 'Motonave', 250, NULL),
 	   ('MareVolar', 'Nero', 'Traghetto', 400, 450),
	   ('Aquavision', 'Teta', 'Aliscafo', 250, NULL),
	   ('Aquavision', 'Omicron', 'Aliscafo', 450, NULL),
	   ('Aquavision', 'Iota', 'Traghetto', 250, 150),
  	   ('MareVolar', 'Indaco', 'Aliscafo', 300, NULL),
  	   ('MareVolar', 'Viola', 'Motonave', 350, NULL),
 	   ('Adria Ferries', 'Maestrale', 'Traghetto', 600, 650),
	   ('Adria Ferries', 'Zeffiro', 'Traghetto', 550, 330),
	   ('Adria Ferries', 'Spica', 'Aliscafo', 400, NULL),
 	   ('Alilauro', 'Scire', 'Traghetto', 450, 500),
 	   ('Alilauro', 'Sirena', 'Motonave', 280, NULL),
           ('Alilauro', 'Aquiloni', 'Aliscafo', 350, NULL),
 	   ('Medmar', 'Olandese Camminante', 'Motonave',235, NULL);

--

INSERT INTO public.autoveicolo(tipo, sovraprezzo_a, dimensione, nome_compagnia)
VALUES 	   ('auto', 30, 2, 'Medmar'),
	   ('moto', 15, 1, 'Medmar'),
	   ('auto', 45, 2, 'Alilauro'),
	   ('moto', 20, 1, 'Alilauro'),
	   ('camion', 50, 5, 'Alilauro'),
           ('camion', 45, 5, 'Medmar'),
	   ('auto', 35, 2, 'Adria Ferries'),
	   ('camion', 35, 2, 'Adria Ferries'),
	   ('auto', 40, 2, 'Kompas'),
	   ('moto', 25, 1, 'Kompas'),
	   ('auto', 40, 2, 'MareVolar'),
	   ('moto', 10, 1, 'MareVolar'),
	   ('camion',70, 4, 'Kompas'),
	   ('auto', 20, 2, 'Aquavision'),
	   ('camion', 35, 2, 'Aquavision'),
	   ('rimorchio auto', 100, 6, 'Kompas');

-- 


INSERT INTO public.cliente(email, passwordcli, nome, cognome, sex, data_n)
VALUES ('MarioRossi@gmail.com', '1234', 'Mario', 'Rossi', 'M', '2003-04-12'),
	   ('Emma01@gmail.com', 'password', 'Emma', 'Verdi', 'F', '2001-07-10'),
	   ('AlessioNesi@gmail.com', '4321', 'Alessio', 'Nesi', 'M', '2003-11-01'),
	   ('SimoneS@gmail.com', 'Simone03', 'Simone', 'Sommella', 'M', '2003-08-05'),
	   ('MarcoGSDU@gmail.com', 'cookie', 'Marco Guido', 'Scotto Di Uccio', 'M', '2002-03-09'),
	   ('LauraGiordano@gmail.com', 'P00l5', 'Laura', 'Giordano', 'F', '2000-09-07'),
	   ('Andrea04@gmail.com', 'xPridex', 'Andrea', 'Bianchi', 'Altro', '2004-10-22'),
 	   ('porfirio.tramontana@unina.it', 'ObjectO', 'Porfirio', 'Tramontana', 'M', '1976-09-11'),
	   ('silvio.barra@unina.it', 'BaseDati', 'Silvio', 'Barra', 'M', '1985-03-12'),	
	   ('annamaria.barbagallo@unina.it', 'Analisi1', 'Annamaria', 'Barbagallo', 'F', '1979-12-06'),
	   ('stefano37@gmail.it','stefano1','Stefano','Ambrosini','M','1937-01-05'),
	   ('andrea.apicella@unina.it','LabPro','Andrea','Apicella','M','1989-08-05'),
	   ('FrancessoT@libero.it','30Lode','Francesso','Trotti','M','2003-1-01');

--

INSERT INTO public.porto(nome, comune, coordinate)
VALUES 	   ('Marghera', 'Venezia','45.4684° N, 12.2218° E'),
	   ('Genova', 'Genova', '44.4056° N, 8.9463° E'),
	   ('Venezia', 'Venezia','45.4408° N, 12.3155° E'),
	   ('Viareggio', 'Viareggio', '43.8657° N, 10.2513° E'),
	   ('Livorno', 'Livorno', '43.5485° N, 10.3106° E'),
	   ('Napoli', 'Napoli', '40.8518° N, 14.2681° E'),
	   ('Pozzuoli', 'Pozzuoli', '40.8459° N, 14.0933° E'),
	   ('Bari', 'Bari', '41.1171° N, 16.8719° E'),
	   ('Messina', 'Messina', '38.1937° N, 15.5542° E'),
	   ('Procida','Procida','40.7578° N, 14.0151° E'),
	   ('Monte di Procida','Monte di Procida','40.7961° N, 14.0512° E'),
	   ('Ischia','Ischia','40.7379° N, 13.9486° E'),
	   ('Trieste','Trieste ','45.6495° N, 13.7768° E'),
	   ('Mazara del Vallo','Mazara del Vallo','37.6551° N, 12.5900° E'),
	   ('Marina di Nettuno','Nettuno','41.4552° N, 12.6610° E'),
	   ('Salerno','Salerno','40.6824° N, 14.7681° E'),
	   ('Marina di Ragusa','Ragusa','36.7834° N, 14.5520° E'),
	   ('Chioggia','Chioggia','45.2191° N, 12.2787° E'),
	   ('Alghero','Alghero','40.5580° N, 8.3193° E');

--

INSERT INTO public.cadenza(giorno, periodo_i, periodo_f)
VALUES ('Monday', '2024-02-08', '2025-02-09'),
	   ('Tuesday, Sunday', '2024-03-05', '2024-04-05'),
	   ('Wednesday, Friday, Sunday', '2024-04-01', '2024-06-01'),
	   ('Monday, Tuesday, Wednesday, Thursday, Friday, Saturday, Sunday', '2024-06-01', '2024-08-01'),
	   ('Wednesday, Friday, Saturday', '2024-09-12', '2024-11-01'),
           ('Monday, Saturday, Sunday', '2024-11-30', '2024-12-25'),
           ('Wednesday, Tuesday, Friday, Saturday, Sunday', '2024-02-10', '2024-04-10'),
           ('Monday, Tuesday', '2024-02-20', '2024-10-12'),
           ('Tuesday, Thursday, Sunday', '2024-03-20', '2025-05-23'),
           ('Monday, Tuesday, Wednesday, Thursday, Friday, Saturday, Sunday', '2024-03-21', '2024-12-31'),
           ('Wednesday, Friday', '2025-03-23', '2025-03-29'),
           ('Sunday', '2024-02-21', '2024-08-12'),
           ('Wednesday, Friday, Saturday', '2024-05-25', '2024-12-24'),
           ('Monday, Tuesday, Thursday', '2024-06-30', '2024-11-30'),
           ('Monday, Wednesday, Saturday, Sunday', '2024-07-23', '2024-08-30'),
           ('Tuesday, Thursday, Saturday', '2024-12-20', '2025-03-15'),
           ('Wednesday, Friday, Sunday', '2024-02-07', '2024-09-01'),
           ('Monday, Tuesday, Wednesday, Thursday', '2024-04-03', '2024-09-12'),
           ('Friday, Saturday, Sunday', '2024-08-12', '2024-12-23'),
           ('Monday, Sunday', '2024-06-01', '2024-08-18'),
           ('Wednesday, Friday, Saturday', '2024-11-05', '2025-10-05'),
           ('Monday, Wednesday, Thursday, Saturday', '2024-02-21', '2024-12-31'),
           ('Tuesday, Friday, Saturday', '2024-04-23', '2025-03-25'),
           ('Sunday', '2024-02-10', '2024-12-31'),
           ('Friday, Sunday', '2024-09-17', '2024-12-31'),
           ('Monday, Wednesday, Friday, Sunday', '2024-12-02', '2025-12-01'),
           ('Tuesday, Thursday, Saturday', '2024-06-01', '2024-12-13'),
           ('Monday, Thursday, Saturday', '2024-08-10', '2024-11-01'),
           ('Friday', '2024-03-01', '2024-11-30'),
           ('Monday', '2024-05-02', '2024-11-05'),
           ('Monday, Thursday, Saturday', '2024-03-12', '2024-07-20'),
            ('Monday, Wednesday', '2024-03-23', '2024-05-21'),
           ('Wednesday, Friday, Sunday', '2024-05-30', '2024-07-10'),
           ('Monday, Wednesday, Friday, Sunday', '2024-02-27', '2025-01-30'),
           ('Thursday', '2024-02-15', '2024-11-23'),
           ('Tuesday, Friday', '2024-05-12', '2024-12-30'),
           ('Wednesday, Thursday, Saturday', '2024-02-15', '2025-01-30');

--

INSERT INTO public.corsa(id_natante, orariop, orarioa, prezzo_i, prezzo_r, partenza, arrivo, id_cadenza)
VALUES 	   (1, '08:00', '16:00',39.99, 20.99, 'Napoli', 'Viareggio', 1),
	   (2, '10:00', '15:20',19.00, 9.00, 'Pozzuoli', 'Messina', 2),
	   (3, '09:00', '14:15',50.00, 21.00, 'Venezia', 'Bari', 3),
	   (4, '14:30', '20:00',35.50, 10.50, 'Bari', 'Messina', 4),
	   (5, '20:15', '23:45',21.00, 8.50, 'Messina', 'Napoli', 5),
	   (6, '12:15', '13:39',25.00, 12.50, 'Procida', 'Napoli', 6),
	   (7, '16:45', '17:25',30.00, 14.50, 'Procida', 'Ischia', 7),
 	   (8, '19:45', '22:15',30.00, 14.50, 'Ischia', 'Trieste', 8),
   	   (9, '7:00', '18:30',30.00, 14.50, 'Genova', 'Monte di Procida', 9),
	   (10, '9:00', '13:22',30.00, 14.50, 'Monte di Procida', 'Marina di Nettuno', 10),
 	   (11, '6:00', '14:45',30.00, 14.50, 'Chioggia', 'Mazara del Vallo', 11),
	   (12, '11:00', '17:53',30.00, 14.50, 'Salerno', 'Marina di Ragusa', 12),
 	   (13, '22:45', '02:05',30.00, 14.50, 'Salerno', 'Genova', 13),
  	   (14, '17:00', '19:05',30.00, 14.50, 'Chioggia', 'Alghero', 14),
	   (15, '12:00', '13:26',30.00, 14.50, 'Monte di Procida', 'Ischia', 15),
   	   (16, '9:25', '10:55',30.00, 14.50, 'Livorno', 'Marina di Nettuno', 16),
   	   (17, '9:25', '10:55',30.00, 14.50, 'Livorno', 'Marina di Nettuno', 17),
	   (18, '08:30', '16:45', 45.50, 18.75, 'Viareggio', 'Marina di Ragusa', 18),
 	  (19, '11:15', '15:30', 28.00, 13.50, 'Genova', 'Trieste', 19),
  	  (20, '13:30', '18:45', 33.75, 15.80, 'Trieste', 'Alghero', 20 ),
 	 (21, '16:45', '21:30', 40.20, 17.25, 'Alghero', 'Marina di Nettuno', 21),
  	(22, '10:00', '14:20', 25.50, 11.00, 'Marina di Nettuno', 'Pozzuoli', 22),
  	(23, '14:45', '19:00', 31.80, 14.00, 'Pozzuoli', 'Ischia', 23),
  	(24, '09:30', '13:45', 29.50, 12.80, 'Ischia', 'Napoli', 24),
  	(25, '12:15', '17:30', 36.25, 16.50, 'Napoli', 'Chioggia', 25),
  	(26, '17:30', '22:15', 42.80, 19.00, 'Chioggia', 'Salerno', 26),
  	(27, '08:00', '14:45', 30.75, 13.20, 'Salerno', 'Monte di Procida', 27),
  	(28, '10:45', '16:00', 35.20, 15.80, 'Monte di Procida', 'Marina di Ragusa', 28),
  	(29, '15:15', '19:45', 28.50, 12.75, 'Marina di Ragusa', 'Livorno', 29),
  	(30, '13:00', '18:30', 37.80, 16.50, 'Livorno', 'Bari', 30),
  	(31, '07:45', '13:20', 33.50, 15.00, 'Bari', 'Messina', 31),
  	(32, '11:30', '16:45', 26.80, 12.30, 'Messina', 'Genova', 32),
 	 (33, '14:15', '19:30', 38.50, 17.00, 'Genova', 'Procida', 33),
  	(34, '09:00', '14:15', 30.80, 14.00, 'Procida', 'Marina di Nettuno', 34),
 	 (35, '12:45', '18:00', 35.50, 16.20, 'Marina di Nettuno', 'Mazara del Vallo', 35),
  	(36, '16:30', '21:45', 42.80, 19.50, 'Mazara del Vallo', 'Venezia', 36),
  	(37, '08:30', '14:45', 31.50, 14.00, 'Venezia', 'Ischia', 37),
  	(38, '10:15', '16:30', 35.80, 16.20, 'Ischia', 'Marina di Ragusa', 38),
  	(39, '14:00', '19:15', 29.50, 13.50, 'Marina di Ragusa', 'Salerno', 39),
  	(40, '11:45', '17:00', 38.80, 18.00, 'Salerno', 'Trieste', 40),
  	(41, '16:15', '21:30', 32.50, 15.00, 'Trieste', 'Pozzuoli', 41),
  	(42, '09:30', '14:45', 27.80, 12.30, 'Pozzuoli', 'Chioggia', 42),
  	(43, '12:15', '17:30', 35.50, 16.20, 'Chioggia', 'Napoli', 43),
  	(44, '15:45', '20:00', 39.80, 18.00, 'Napoli', 'Alghero', 44),
  	(45, '10:30', '15:45', 32.50, 15.00, 'Alghero', 'Monte di Procida', 45),
  	(46, '13:15', '18:30', 36.80, 17.00, 'Monte di Procida', 'Marina di Ragusa', 46),
  	(47, '16:45', '22:00', 30.50, 14.00, 'Marina di Ragusa', 'Livorno', 47);

--

INSERT INTO public.biglietto(email, id_corsa, prenotazione, disbilita, bagagli, tipoautoveicolo)
VALUES
('MarioRossi@gmail.com', 48, true, false, 3, 'auto'),
('MarioRossi@gmail.com', 49, true, false, 1, 'moto'),
('MarioRossi@gmail.com', 50, true, false, 5, 'auto'),
('MarioRossi@gmail.com', 51, true, false, 2, 'moto'),
('MarioRossi@gmail.com', 52, true, false, 4, 'camion'),
('MarioRossi@gmail.com', 53, true, false, 1, 'auto'),
('MarioRossi@gmail.com', 54, true, false, 3, 'moto'),
('MarioRossi@gmail.com', 55, true, false, 5, 'auto'),
('MarioRossi@gmail.com', 56, true, false, 2, 'moto'),
('Emma01@gmail.com', 57, true, false, 4, 'camion'),
('Emma01@gmail.com', 58, true, false, 1, 'auto'),
('Emma01@gmail.com', 59, true, false, 3, 'moto'),
('Emma01@gmail.com', 60, true, false, 5, 'auto'),
('Emma01@gmail.com', 61, true, false, 2, 'moto'),
('Emma01@gmail.com', 62, true, false, 4, 'camion'),
('Emma01@gmail.com', 63, true, false, 1, 'auto'),
('Emma01@gmail.com', 64, true, false, 3, 'moto'),
('Emma01@gmail.com', 65, true, false, 5, 'auto'),
('AlessioNesi@gmail.com', 66, true, false, 4, 'camion'),
('AlessioNesi@gmail.com', 67, true, false, 1, 'auto'),
('AlessioNesi@gmail.com', 68, true, false, 3, 'moto'),
('AlessioNesi@gmail.com', 69, true, false, 5, 'auto'),
('AlessioNesi@gmail.com', 70, true, false, 2, 'moto'),
('AlessioNesi@gmail.com', 71, true, false, 4, 'camion'),
('AlessioNesi@gmail.com', 72, true, false, 1, 'auto'),
('AlessioNesi@gmail.com', 73, true, false, 3, 'moto'),
('AlessioNesi@gmail.com', 74, true, false, 5, 'auto'),
('SimoneS@gmail.com', 75, true, false, 1, 'auto'),
('SimoneS@gmail.com', 76, true, false, 3, 'moto'),
('SimoneS@gmail.com', 77, true, false, 5, 'auto'),
('SimoneS@gmail.com', 78, true, false, 2, 'moto'),
('SimoneS@gmail.com', 79, true, false, 4, 'camion'),
('SimoneS@gmail.com', 80, true, false, 1, 'auto'),
('SimoneS@gmail.com', 81, true, false, 3, 'moto'),
('SimoneS@gmail.com', 82, true, false, 5, 'auto'),
('MarcoGSDU@gmail.com', 83, true, true, 4, 'camion'),
('MarcoGSDU@gmail.com', 84, true, true, 1, 'auto'),
('MarcoGSDU@gmail.com', 85, true, true, 3, 'moto'),
('MarcoGSDU@gmail.com', 86, true, true, 5, 'auto'),
('MarcoGSDU@gmail.com', 87, true, true, 2, 'moto'),
('MarcoGSDU@gmail.com', 88, true, true, 4, 'camion'),
('MarcoGSDU@gmail.com', 89, true, true, 1, 'auto'),
('MarcoGSDU@gmail.com', 90, true, true, 3, 'moto'),
('MarcoGSDU@gmail.com', 91, true, true, 5, 'auto'),
('LauraGiordano@gmail.com', 92, true, false, 1, 'auto'),
('LauraGiordano@gmail.com', 93, true, false, 3, 'moto'),
('LauraGiordano@gmail.com', 94, true, false, 5, 'auto'),
('LauraGiordano@gmail.com', 95, true, false, 2, 'moto'),
('LauraGiordano@gmail.com', 96, true, false, 4, 'camion'),
('LauraGiordano@gmail.com', 97, true, false, 1, 'auto'),
('LauraGiordano@gmail.com', 98, true, false, 3, 'moto'),
('LauraGiordano@gmail.com', 99, true, false, 5, 'auto'),
('Andrea04@gmail.com', 100, true, false, 4, null),
('Andrea04@gmail.com', 101, true, false, 1, null),
('Andrea04@gmail.com', 102, true, false, 3, null),
('Andrea04@gmail.com', 103, true, false, 5, null),
('Andrea04@gmail.com', 104, true, false, 2, null),
('Andrea04@gmail.com', 105, true, false, 4, null),
('Andrea04@gmail.com', 106, true, false, 1, null),
('Andrea04@gmail.com', 107, true, false, 3, null),
('Andrea04@gmail.com', 108, true, false, 5, null),
('porfirio.tramontana@unina.it', 109, true, false, 4, null),
('porfirio.tramontana@unina.it', 110, true, false, 1, null),
('porfirio.tramontana@unina.it', 111, true, false, 3, null),
('porfirio.tramontana@unina.it', 112, true, false, 5, null),
('porfirio.tramontana@unina.it', 113, true, false, 2, null),
('porfirio.tramontana@unina.it', 114, true, false, 4, null),
('porfirio.tramontana@unina.it', 115, true, false, 1, null),
('porfirio.tramontana@unina.it', 116, true, false, 3, null),
('porfirio.tramontana@unina.it', 117, true, false, 5, null),
('silvio.barra@unina.it', 118, true, false, 1, null),
('silvio.barra@unina.it', 119, true, false, 3, null),
('silvio.barra@unina.it', 120, true, false, 5, null),
('silvio.barra@unina.it', 121, true, false, 2, null),
('silvio.barra@unina.it', 122, true, false, 4, null),
('silvio.barra@unina.it', 123, true, false, 1, null),
('silvio.barra@unina.it', 124, true, false, 3, null),
('silvio.barra@unina.it', 125, true, false, 5, null),
('annamaria.barbagallo@unina.it', 126, true, false, 4, null),
('annamaria.barbagallo@unina.it', 127, true, false, 1, null),
('annamaria.barbagallo@unina.it', 128, true, false, 3, null),
('annamaria.barbagallo@unina.it', 129, true, false, 5, null),
('annamaria.barbagallo@unina.it', 130, true, false, 2, null),
('annamaria.barbagallo@unina.it', 131, true, false, 4, null),
('annamaria.barbagallo@unina.it', 132, true, false, 1, null),
('annamaria.barbagallo@unina.it', 133, true, false, 3, null),
('annamaria.barbagallo@unina.it', 134, true, false, 5, null),
('stefano37@gmail.it', 135, true, true, 1, null),
('stefano37@gmail.it', 136, true, true, 3, null),
('stefano37@gmail.it', 137, true, true, 5, null),
('stefano37@gmail.it', 138, true, true, 2, null),
('stefano37@gmail.it', 139, true, true, 4, null),
('stefano37@gmail.it', 140, true, true, 1, null),
('stefano37@gmail.it', 141, true, true, 3, null),
('stefano37@gmail.it', 142, true, true, 5, null);